[{"model": "admin.logentry", "pk": 1, "fields": {"action_time": "2023-07-30T07:56:05.032", "user": 3, "content_type": 13, "object_id": "1", "object_repr": "/news/ -- News", "action_flag": 1, "change_message": "[{\"added\": {}}]"}}, {"model": "admin.logentry", "pk": 2, "fields": {"action_time": "2023-07-30T07:56:22.224", "user": 3, "content_type": 13, "object_id": "1", "object_repr": "/news/ -- News", "action_flag": 2, "change_message": "[{\"changed\": {\"fields\": [\"Content\"]}}]"}}, {"model": "admin.logentry", "pk": 3, "fields": {"action_time": "2023-07-30T11:01:35.762", "user": 3, "content_type": 8, "object_id": "2", "object_repr": "Post object (2)", "action_flag": 2, "change_message": "[{\"changed\": {\"fields\": [\"Post type\", \"Article text\"]}}]"}}, {"model": "admin.logentry", "pk": 4, "fields": {"action_time": "2023-07-30T11:03:55.305", "user": 3, "content_type": 8, "object_id": "3", "object_repr": "Post object (3)", "action_flag": 2, "change_message": "[{\"changed\": {\"fields\": [\"Post type\", \"Article text\"]}}]"}}, {"model": "admin.logentry", "pk": 5, "fields": {"action_time": "2023-07-30T11:04:43.977", "user": 3, "content_type": 8, "object_id": "4", "object_repr": "Post object (4)", "action_flag": 2, "change_message": "[{\"changed\": {\"fields\": [\"Post type\", \"Article text\"]}}]"}}, {"model": "admin.logentry", "pk": 6, "fields": {"action_time": "2023-07-30T11:04:49.184", "user": 3, "content_type": 8, "object_id": "3", "object_repr": "Post object (3)", "action_flag": 2, "change_message": "[{\"changed\": {\"fields\": [\"Post type\"]}}]"}}, {"model": "admin.logentry", "pk": 7, "fields": {"action_time": "2023-07-30T11:04:53.136", "user": 3, "content_type": 8, "object_id": "2", "object_repr": "Post object (2)", "action_flag": 2, "change_message": "[{\"changed\": {\"fields\": [\"Post type\"]}}]"}}, {"model": "admin.logentry", "pk": 8, "fields": {"action_time": "2023-08-06T07:08:31.659", "user": 3, "content_type": 8, "object_id": "5", "object_repr": "Post object (5)", "action_flag": 1, "change_message": "[{\"added\": {}}]"}}, {"model": "admin.logentry", "pk": 9, "fields": {"action_time": "2023-08-06T07:10:30.259", "user": 3, "content_type": 8, "object_id": "6", "object_repr": "Post object (6)", "action_flag": 1, "change_message": "[{\"added\": {}}]"}}, {"model": "admin.logentry", "pk": 10, "fields": {"action_time": "2023-08-06T07:11:50.573", "user": 3, "content_type": 8, "object_id": "7", "object_repr": "Post object (7)", "action_flag": 1, "change_message": "[{\"added\": {}}]"}}, {"model": "admin.logentry", "pk": 11, "fields": {"action_time": "2023-08-06T07:12:26.081", "user": 3, "content_type": 8, "object_id": "8", "object_repr": "Post object (8)", "action_flag": 1, "change_message": "[{\"added\": {}}]"}}, {"model": "admin.logentry", "pk": 12, "fields": {"action_time": "2023-08-06T07:15:23.799", "user": 3, "content_type": 8, "object_id": "9", "object_repr": "Post object (9)", "action_flag": 1, "change_message": "[{\"added\": {}}]"}}, {"model": "admin.logentry", "pk": 13, "fields": {"action_time": "2023-08-06T07:16:01.000", "user": 3, "content_type": 8, "object_id": "10", "object_repr": "Post object (10)", "action_flag": 1, "change_message": "[{\"added\": {}}]"}}, {"model": "admin.logentry", "pk": 14, "fields": {"action_time": "2023-08-06T07:16:43.014", "user": 3, "content_type": 8, "object_id": "11", "object_repr": "Post object (11)", "action_flag": 1, "change_message": "[{\"added\": {}}]"}}, {"model": "admin.logentry", "pk": 15, "fields": {"action_time": "2023-08-06T07:17:09.639", "user": 3, "content_type": 8, "object_id": "12", "object_repr": "Post object (12)", "action_flag": 1, "change_message": "[{\"added\": {}}]"}}, {"model": "admin.logentry", "pk": 16, "fields": {"action_time": "2023-08-12T14:16:29.448", "user": 3, "content_type": 12, "object_id": "1", "object_repr": "127.0.0.1", "action_flag": 2, "change_message": "[{\"changed\": {\"fields\": [\"Domain name\"]}}]"}}, {"model": "admin.logentry", "pk": 17, "fields": {"action_time": "2023-08-12T14:16:54.095", "user": 3, "content_type": 17, "object_id": "1", "object_repr": "Google", "action_flag": 1, "change_message": "[{\"added\": {}}]"}}, {"model": "admin.logentry", "pk": 18, "fields": {"action_time": "2023-08-12T14:27:48.996", "user": 3, "content_type": 3, "object_id": "1", "object_repr": "basic", "action_flag": 1, "change_message": "[{\"added\": {}}]"}}, {"model": "admin.logentry", "pk": 19, "fields": {"action_time": "2023-08-12T14:28:15.608", "user": 3, "content_type": 3, "object_id": "2", "object_repr": "premium", "action_flag": 1, "change_message": "[{\"added\": {}}]"}}, {"model": "admin.logentry", "pk": 20, "fields": {"action_time": "2023-08-12T14:55:57.481", "user": 3, "content_type": 3, "object_id": "1", "object_repr": "basic", "action_flag": 3, "change_message": ""}}, {"model": "admin.logentry", "pk": 21, "fields": {"action_time": "2023-08-12T14:55:57.486", "user": 3, "content_type": 3, "object_id": "2", "object_repr": "premium", "action_flag": 3, "change_message": ""}}, {"model": "admin.logentry", "pk": 22, "fields": {"action_time": "2023-08-12T14:56:08.944", "user": 3, "content_type": 3, "object_id": "3", "object_repr": "common", "action_flag": 1, "change_message": "[{\"added\": {}}]"}}, {"model": "admin.logentry", "pk": 23, "fields": {"action_time": "2023-08-12T14:56:14.791", "user": 3, "content_type": 3, "object_id": "4", "object_repr": "authors", "action_flag": 1, "change_message": "[{\"added\": {}}]"}}, {"model": "admin.logentry", "pk": 24, "fields": {"action_time": "2023-08-12T15:46:54.647", "user": 3, "content_type": 4, "object_id": "2", "object_repr": "Vladimir", "action_flag": 2, "change_message": "[{\"changed\": {\"fields\": [\"Groups\"]}}]"}}, {"model": "admin.logentry", "pk": 25, "fields": {"action_time": "2023-08-12T15:47:00.430", "user": 3, "content_type": 4, "object_id": "1", "object_repr": "Alena", "action_flag": 2, "change_message": "[{\"changed\": {\"fields\": [\"Groups\"]}}]"}}, {"model": "admin.logentry", "pk": 26, "fields": {"action_time": "2023-08-13T08:32:13.937", "user": 3, "content_type": 3, "object_id": "4", "object_repr": "authors", "action_flag": 2, "change_message": "[{\"changed\": {\"fields\": [\"Permissions\"]}}]"}}, {"model": "admin.logentry", "pk": 27, "fields": {"action_time": "2023-08-22T14:01:28.003", "user": 3, "content_type": 8, "object_id": "27", "object_repr": "Post object (27)", "action_flag": 3, "change_message": ""}}, {"model": "admin.logentry", "pk": 28, "fields": {"action_time": "2023-08-22T14:01:28.010", "user": 3, "content_type": 8, "object_id": "26", "object_repr": "Post object (26)", "action_flag": 3, "change_message": ""}}, {"model": "admin.logentry", "pk": 29, "fields": {"action_time": "2023-08-22T14:01:28.012", "user": 3, "content_type": 8, "object_id": "25", "object_repr": "Post object (25)", "action_flag": 3, "change_message": ""}}, {"model": "admin.logentry", "pk": 30, "fields": {"action_time": "2023-08-22T14:01:28.013", "user": 3, "content_type": 8, "object_id": "24", "object_repr": "Post object (24)", "action_flag": 3, "change_message": ""}}, {"model": "admin.logentry", "pk": 31, "fields": {"action_time": "2023-08-22T14:09:24.300", "user": 3, "content_type": 4, "object_id": "6", "object_repr": "cyrenova.alena", "action_flag": 3, "change_message": ""}}, {"model": "admin.logentry", "pk": 32, "fields": {"action_time": "2023-08-23T11:18:52.978", "user": 3, "content_type": 4, "object_id": "9", "object_repr": "cyrenova.alena", "action_flag": 3, "change_message": ""}}, {"model": "admin.logentry", "pk": 33, "fields": {"action_time": "2023-08-23T14:54:35.544", "user": 3, "content_type": 4, "object_id": "10", "object_repr": "cyrenova.alena", "action_flag": 3, "change_message": ""}}, {"model": "admin.logentry", "pk": 34, "fields": {"action_time": "2023-08-23T14:59:44.261", "user": 3, "content_type": 4, "object_id": "11", "object_repr": "cyrenova.alena", "action_flag": 3, "change_message": ""}}, {"model": "auth.permission", "pk": 1, "fields": {"name": "Can add log entry", "content_type": 1, "codename": "add_logentry"}}, {"model": "auth.permission", "pk": 2, "fields": {"name": "Can change log entry", "content_type": 1, "codename": "change_logentry"}}, {"model": "auth.permission", "pk": 3, "fields": {"name": "Can delete log entry", "content_type": 1, "codename": "delete_logentry"}}, {"model": "auth.permission", "pk": 4, "fields": {"name": "Can view log entry", "content_type": 1, "codename": "view_logentry"}}, {"model": "auth.permission", "pk": 5, "fields": {"name": "Can add permission", "content_type": 2, "codename": "add_permission"}}, {"model": "auth.permission", "pk": 6, "fields": {"name": "Can change permission", "content_type": 2, "codename": "change_permission"}}, {"model": "auth.permission", "pk": 7, "fields": {"name": "Can delete permission", "content_type": 2, "codename": "delete_permission"}}, {"model": "auth.permission", "pk": 8, "fields": {"name": "Can view permission", "content_type": 2, "codename": "view_permission"}}, {"model": "auth.permission", "pk": 9, "fields": {"name": "Can add group", "content_type": 3, "codename": "add_group"}}, {"model": "auth.permission", "pk": 10, "fields": {"name": "Can change group", "content_type": 3, "codename": "change_group"}}, {"model": "auth.permission", "pk": 11, "fields": {"name": "Can delete group", "content_type": 3, "codename": "delete_group"}}, {"model": "auth.permission", "pk": 12, "fields": {"name": "Can view group", "content_type": 3, "codename": "view_group"}}, {"model": "auth.permission", "pk": 13, "fields": {"name": "Can add user", "content_type": 4, "codename": "add_user"}}, {"model": "auth.permission", "pk": 14, "fields": {"name": "Can change user", "content_type": 4, "codename": "change_user"}}, {"model": "auth.permission", "pk": 15, "fields": {"name": "Can delete user", "content_type": 4, "codename": "delete_user"}}, {"model": "auth.permission", "pk": 16, "fields": {"name": "Can view user", "content_type": 4, "codename": "view_user"}}, {"model": "auth.permission", "pk": 17, "fields": {"name": "Can add content type", "content_type": 5, "codename": "add_contenttype"}}, {"model": "auth.permission", "pk": 18, "fields": {"name": "Can change content type", "content_type": 5, "codename": "change_contenttype"}}, {"model": "auth.permission", "pk": 19, "fields": {"name": "Can delete content type", "content_type": 5, "codename": "delete_contenttype"}}, {"model": "auth.permission", "pk": 20, "fields": {"name": "Can view content type", "content_type": 5, "codename": "view_contenttype"}}, {"model": "auth.permission", "pk": 21, "fields": {"name": "Can add session", "content_type": 6, "codename": "add_session"}}, {"model": "auth.permission", "pk": 22, "fields": {"name": "Can change session", "content_type": 6, "codename": "change_session"}}, {"model": "auth.permission", "pk": 23, "fields": {"name": "Can delete session", "content_type": 6, "codename": "delete_session"}}, {"model": "auth.permission", "pk": 24, "fields": {"name": "Can view session", "content_type": 6, "codename": "view_session"}}, {"model": "auth.permission", "pk": 25, "fields": {"name": "Can add comment", "content_type": 7, "codename": "add_comment"}}, {"model": "auth.permission", "pk": 26, "fields": {"name": "Can change comment", "content_type": 7, "codename": "change_comment"}}, {"model": "auth.permission", "pk": 27, "fields": {"name": "Can delete comment", "content_type": 7, "codename": "delete_comment"}}, {"model": "auth.permission", "pk": 28, "fields": {"name": "Can view comment", "content_type": 7, "codename": "view_comment"}}, {"model": "auth.permission", "pk": 29, "fields": {"name": "Can add post", "content_type": 8, "codename": "add_post"}}, {"model": "auth.permission", "pk": 30, "fields": {"name": "Can change post", "content_type": 8, "codename": "change_post"}}, {"model": "auth.permission", "pk": 31, "fields": {"name": "Can delete post", "content_type": 8, "codename": "delete_post"}}, {"model": "auth.permission", "pk": 32, "fields": {"name": "Can view post", "content_type": 8, "codename": "view_post"}}, {"model": "auth.permission", "pk": 33, "fields": {"name": "Can add author", "content_type": 9, "codename": "add_author"}}, {"model": "auth.permission", "pk": 34, "fields": {"name": "Can change author", "content_type": 9, "codename": "change_author"}}, {"model": "auth.permission", "pk": 35, "fields": {"name": "Can delete author", "content_type": 9, "codename": "delete_author"}}, {"model": "auth.permission", "pk": 36, "fields": {"name": "Can view author", "content_type": 9, "codename": "view_author"}}, {"model": "auth.permission", "pk": 37, "fields": {"name": "Can add category", "content_type": 10, "codename": "add_category"}}, {"model": "auth.permission", "pk": 38, "fields": {"name": "Can change category", "content_type": 10, "codename": "change_category"}}, {"model": "auth.permission", "pk": 39, "fields": {"name": "Can delete category", "content_type": 10, "codename": "delete_category"}}, {"model": "auth.permission", "pk": 40, "fields": {"name": "Can view category", "content_type": 10, "codename": "view_category"}}, {"model": "auth.permission", "pk": 41, "fields": {"name": "Can add post category", "content_type": 11, "codename": "add_postcategory"}}, {"model": "auth.permission", "pk": 42, "fields": {"name": "Can change post category", "content_type": 11, "codename": "change_postcategory"}}, {"model": "auth.permission", "pk": 43, "fields": {"name": "Can delete post category", "content_type": 11, "codename": "delete_postcategory"}}, {"model": "auth.permission", "pk": 44, "fields": {"name": "Can view post category", "content_type": 11, "codename": "view_postcategory"}}, {"model": "auth.permission", "pk": 45, "fields": {"name": "Can add site", "content_type": 12, "codename": "add_site"}}, {"model": "auth.permission", "pk": 46, "fields": {"name": "Can change site", "content_type": 12, "codename": "change_site"}}, {"model": "auth.permission", "pk": 47, "fields": {"name": "Can delete site", "content_type": 12, "codename": "delete_site"}}, {"model": "auth.permission", "pk": 48, "fields": {"name": "Can view site", "content_type": 12, "codename": "view_site"}}, {"model": "auth.permission", "pk": 49, "fields": {"name": "Can add flat page", "content_type": 13, "codename": "add_flatpage"}}, {"model": "auth.permission", "pk": 50, "fields": {"name": "Can change flat page", "content_type": 13, "codename": "change_flatpage"}}, {"model": "auth.permission", "pk": 51, "fields": {"name": "Can delete flat page", "content_type": 13, "codename": "delete_flatpage"}}, {"model": "auth.permission", "pk": 52, "fields": {"name": "Can view flat page", "content_type": 13, "codename": "view_flatpage"}}, {"model": "auth.permission", "pk": 53, "fields": {"name": "Can add email address", "content_type": 14, "codename": "add_emailaddress"}}, {"model": "auth.permission", "pk": 54, "fields": {"name": "Can change email address", "content_type": 14, "codename": "change_emailaddress"}}, {"model": "auth.permission", "pk": 55, "fields": {"name": "Can delete email address", "content_type": 14, "codename": "delete_emailaddress"}}, {"model": "auth.permission", "pk": 56, "fields": {"name": "Can view email address", "content_type": 14, "codename": "view_emailaddress"}}, {"model": "auth.permission", "pk": 57, "fields": {"name": "Can add email confirmation", "content_type": 15, "codename": "add_emailconfirmation"}}, {"model": "auth.permission", "pk": 58, "fields": {"name": "Can change email confirmation", "content_type": 15, "codename": "change_emailconfirmation"}}, {"model": "auth.permission", "pk": 59, "fields": {"name": "Can delete email confirmation", "content_type": 15, "codename": "delete_emailconfirmation"}}, {"model": "auth.permission", "pk": 60, "fields": {"name": "Can view email confirmation", "content_type": 15, "codename": "view_emailconfirmation"}}, {"model": "auth.permission", "pk": 61, "fields": {"name": "Can add social account", "content_type": 16, "codename": "add_socialaccount"}}, {"model": "auth.permission", "pk": 62, "fields": {"name": "Can change social account", "content_type": 16, "codename": "change_socialaccount"}}, {"model": "auth.permission", "pk": 63, "fields": {"name": "Can delete social account", "content_type": 16, "codename": "delete_socialaccount"}}, {"model": "auth.permission", "pk": 64, "fields": {"name": "Can view social account", "content_type": 16, "codename": "view_socialaccount"}}, {"model": "auth.permission", "pk": 65, "fields": {"name": "Can add social application", "content_type": 17, "codename": "add_socialapp"}}, {"model": "auth.permission", "pk": 66, "fields": {"name": "Can change social application", "content_type": 17, "codename": "change_socialapp"}}, {"model": "auth.permission", "pk": 67, "fields": {"name": "Can delete social application", "content_type": 17, "codename": "delete_socialapp"}}, {"model": "auth.permission", "pk": 68, "fields": {"name": "Can view social application", "content_type": 17, "codename": "view_socialapp"}}, {"model": "auth.permission", "pk": 69, "fields": {"name": "Can add social application token", "content_type": 18, "codename": "add_socialtoken"}}, {"model": "auth.permission", "pk": 70, "fields": {"name": "Can change social application token", "content_type": 18, "codename": "change_socialtoken"}}, {"model": "auth.permission", "pk": 71, "fields": {"name": "Can delete social application token", "content_type": 18, "codename": "delete_socialtoken"}}, {"model": "auth.permission", "pk": 72, "fields": {"name": "Can view social application token", "content_type": 18, "codename": "view_socialtoken"}}, {"model": "auth.permission", "pk": 73, "fields": {"name": "Can add django job", "content_type": 19, "codename": "add_djangojob"}}, {"model": "auth.permission", "pk": 74, "fields": {"name": "Can change django job", "content_type": 19, "codename": "change_djangojob"}}, {"model": "auth.permission", "pk": 75, "fields": {"name": "Can delete django job", "content_type": 19, "codename": "delete_djangojob"}}, {"model": "auth.permission", "pk": 76, "fields": {"name": "Can view django job", "content_type": 19, "codename": "view_djangojob"}}, {"model": "auth.permission", "pk": 77, "fields": {"name": "Can add django job execution", "content_type": 20, "codename": "add_djangojobexecution"}}, {"model": "auth.permission", "pk": 78, "fields": {"name": "Can change django job execution", "content_type": 20, "codename": "change_djangojobexecution"}}, {"model": "auth.permission", "pk": 79, "fields": {"name": "Can delete django job execution", "content_type": 20, "codename": "delete_djangojobexecution"}}, {"model": "auth.permission", "pk": 80, "fields": {"name": "Can view django job execution", "content_type": 20, "codename": "view_djangojobexecution"}}, {"model": "auth.permission", "pk": 81, "fields": {"name": "Can add category subscribers", "content_type": 21, "codename": "add_categorysubscribers"}}, {"model": "auth.permission", "pk": 82, "fields": {"name": "Can change category subscribers", "content_type": 21, "codename": "change_categorysubscribers"}}, {"model": "auth.permission", "pk": 83, "fields": {"name": "Can delete category subscribers", "content_type": 21, "codename": "delete_categorysubscribers"}}, {"model": "auth.permission", "pk": 84, "fields": {"name": "Can view category subscribers", "content_type": 21, "codename": "view_categorysubscribers"}}, {"model": "auth.group", "pk": 3, "fields": {"name": "common", "permissions": []}}, {"model": "auth.group", "pk": 4, "fields": {"name": "authors", "permissions": [29, 30]}}, {"model": "auth.user", "pk": 1, "fields": {"password": "!spTlH83PcwqWo7BEsPHVXd3IsulpBx5ZuAMbhxaz", "last_login": null, "is_superuser": false, "username": "Alena", "first_name": "", "last_name": "", "email": "", "is_staff": false, "is_active": true, "date_joined": "2023-07-25T13:44:13", "groups": [3], "user_permissions": []}}, {"model": "auth.user", "pk": 2, "fields": {"password": "!HFubeixAceaSZe07kNhTyidlyBVTWT0CzlmbTnfI", "last_login": null, "is_superuser": false, "username": "Vladimir", "first_name": "", "last_name": "", "email": "", "is_staff": false, "is_active": true, "date_joined": "2023-07-25T14:57:29", "groups": [3], "user_permissions": []}}, {"model": "auth.user", "pk": 3, "fields": {"password": "pbkdf2_sha256$600000$k9ewMDOpwXCo4BV7xXkzop$WXEQoeifo+AI/BTU0AbFRKpoVwLLSDGaf3CVKBFUUGY=", "last_login": "2023-08-31T13:17:28.763", "is_superuser": true, "username": "alyona97", "first_name": "", "last_name": "", "email": "cyrenova.al@gmail.com", "is_staff": true, "is_active": true, "date_joined": "2023-07-30T07:54:45.481", "groups": [4], "user_permissions": []}}, {"model": "auth.user", "pk": 4, "fields": {"password": "pbkdf2_sha256$600000$a0oIlReO9vApVkMXd64Djx$js361z8LueySW1RkTvk9yy2Fdm12y9zilo3U4OLbgKw=", "last_login": "2023-08-12T17:24:16.351", "is_superuser": false, "username": "common_user", "first_name": "", "last_name": "", "email": "common_user@example.com", "is_staff": false, "is_active": true, "date_joined": "2023-08-12T15:10:40.747", "groups": [3, 4], "user_permissions": []}}, {"model": "auth.user", "pk": 5, "fields": {"password": "pbkdf2_sha256$600000$dRuH8E2sJrUqJcUttmzaT9$deiQ+dR94qp386LFQE6fCGQINNoRxl/Z7KuElDxc5Ls=", "last_login": "2023-08-13T08:38:55.639", "is_superuser": false, "username": "example", "first_name": "", "last_name": "", "email": "example@example.com", "is_staff": false, "is_active": true, "date_joined": "2023-08-13T08:38:55.318", "groups": [3], "user_permissions": []}}, {"model": "auth.user", "pk": 7, "fields": {"password": "pbkdf2_sha256$600000$mRgFurykgIeDdJQOOjBCq4$Bi7hFEroTrg8osrPtzWrnc9CeJCsxwJgSezWP3tU2QE=", "last_login": "2023-08-13T09:13:33.307", "is_superuser": false, "username": "sergeeva", "first_name": "", "last_name": "", "email": "sergeeva@mail.ru", "is_staff": false, "is_active": true, "date_joined": "2023-08-13T09:13:32.997", "groups": [3], "user_permissions": []}}, {"model": "auth.user", "pk": 8, "fields": {"password": "pbkdf2_sha256$600000$Ssk4uc9a11GRFC4ka7a8Zo$iChF3CVeXFRK5pd9SCZ4Wf8fpx8SQ7gU/amq/v3xU3M=", "last_login": "2023-08-13T11:31:41.654", "is_superuser": false, "username": "example1", "first_name": "", "last_name": "", "email": "example1@example.com", "is_staff": false, "is_active": true, "date_joined": "2023-08-13T11:02:59.785", "groups": [3], "user_permissions": []}}, {"model": "auth.user", "pk": 12, "fields": {"password": "pbkdf2_sha256$600000$t0xphHJx5VkA7x6HsNJJcH$uGb9ykK8uYYzaTHWufSB20CaMQOhvnkmEAJ8zVdS96A=", "last_login": "2023-08-27T11:08:23.611", "is_superuser": false, "username": "cyrenova.alena", "first_name": "", "last_name": "", "email": "cyrenova.alena@mail.ru", "is_staff": false, "is_active": true, "date_joined": "2023-08-23T15:00:12.763", "groups": [3, 4], "user_permissions": []}}, {"model": "contenttypes.contenttype", "pk": 1, "fields": {"app_label": "admin", "model": "logentry"}}, {"model": "contenttypes.contenttype", "pk": 2, "fields": {"app_label": "auth", "model": "permission"}}, {"model": "contenttypes.contenttype", "pk": 3, "fields": {"app_label": "auth", "model": "group"}}, {"model": "contenttypes.contenttype", "pk": 4, "fields": {"app_label": "auth", "model": "user"}}, {"model": "contenttypes.contenttype", "pk": 5, "fields": {"app_label": "contenttypes", "model": "contenttype"}}, {"model": "contenttypes.contenttype", "pk": 6, "fields": {"app_label": "sessions", "model": "session"}}, {"model": "contenttypes.contenttype", "pk": 7, "fields": {"app_label": "news", "model": "comment"}}, {"model": "contenttypes.contenttype", "pk": 8, "fields": {"app_label": "news", "model": "post"}}, {"model": "contenttypes.contenttype", "pk": 9, "fields": {"app_label": "news", "model": "author"}}, {"model": "contenttypes.contenttype", "pk": 10, "fields": {"app_label": "news", "model": "category"}}, {"model": "contenttypes.contenttype", "pk": 11, "fields": {"app_label": "news", "model": "postcategory"}}, {"model": "contenttypes.contenttype", "pk": 12, "fields": {"app_label": "sites", "model": "site"}}, {"model": "contenttypes.contenttype", "pk": 13, "fields": {"app_label": "flatpages", "model": "flatpage"}}, {"model": "contenttypes.contenttype", "pk": 14, "fields": {"app_label": "account", "model": "emailaddress"}}, {"model": "contenttypes.contenttype", "pk": 15, "fields": {"app_label": "account", "model": "emailconfirmation"}}, {"model": "contenttypes.contenttype", "pk": 16, "fields": {"app_label": "socialaccount", "model": "socialaccount"}}, {"model": "contenttypes.contenttype", "pk": 17, "fields": {"app_label": "socialaccount", "model": "socialapp"}}, {"model": "contenttypes.contenttype", "pk": 18, "fields": {"app_label": "socialaccount", "model": "socialtoken"}}, {"model": "contenttypes.contenttype", "pk": 19, "fields": {"app_label": "django_apscheduler", "model": "djangojob"}}, {"model": "contenttypes.contenttype", "pk": 20, "fields": {"app_label": "django_apscheduler", "model": "djangojobexecution"}}, {"model": "contenttypes.contenttype", "pk": 21, "fields": {"app_label": "news", "model": "categorysubscribers"}}, {"model": "sessions.session", "pk": "4lzg403ped23to00ogviipkn1cz7yc39", "fields": {"session_data": ".eJxVjEEOwiAQRe_C2hCYAjO4dN8zEGCoVA1NSrsy3t006UK3_7333yLEfath72UNM4urGMTld0sxP0s7AD9iuy8yL21b5yQPRZ60y3Hh8rqd7t9Bjb0eNRPApGHQiKQcmFxoQsVsEZgSZUhEevLeOmeVH7RBY1CRzkgWvROfL7qSNh4:1qQ1Gc:DBpA1RqxqOOWyrNdn0T_zUWMonGUgQL-Dfw4DU2BVX8", "expire_date": "2023-08-13T07:55:06.487"}}, {"model": "sessions.session", "pk": "5l3268flt696f6bcvtgrjzzmsdo8qxw6", "fields": {"session_data": ".eJxVjcsOgjAQRf-la0OmTyg7_ZGmDDOhkRRjS6Ix_rtg2LC8r3M_IhQqJS050OuRnm_Rw0WEuNYprIWeIY2iF1KJkzlEvFPekzjPu91ExGXNtfl3jrg0101Rrglj3R5ux-qEmmKZNg5rY0EhakkOB3BSYavBeqM8e8XOkgPqLKvREJuWWZIHE7XtBpQErfj-AEKaQ1g:1qYpRc:3gLTCKb1i8gdI3pwJw4odgcvLJ2MkavKHe4tIeP-yIY", "expire_date": "2023-09-06T15:06:52.364"}}, {"model": "sessions.session", "pk": "9247ygy7oxxjb2rzh864pwqt16w5dczo", "fields": {"session_data": ".eJxVjEEOwiAQRe_C2hCYAjO4dN8zEGCoVA1NSrsy3t006UK3_7333yLEfath72UNM4urGMTld0sxP0s7AD9iuy8yL21b5yQPRZ60y3Hh8rqd7t9Bjb0eNRPApGHQiKQcmFxoQsVsEZgSZUhEevLeOmeVH7RBY1CRzkgWvROfL7qSNh4:1qQ1JR:I0oIkoD2H7acMkwchBFCTJYHZLnc8uUGKy05u9EySQY", "expire_date": "2023-08-13T07:58:01.752"}}, {"model": "sessions.session", "pk": "byavuxr9icntfsgt9d9vltd9vdicvtga", "fields": {"session_data": ".eJxVjU0OgyAQhe_CujGAwAzu6kUIDhhJDTaCSZumd682Ltrl-_veizm_1cltJa4uBdaxll1-vcHTLeYj8PN82I0nWrZcm2_njEtz3VXMNZGvacn9ufpDTb5MOycElHIUshUAyI1UFHEEHoIGGXBAkgOiGK3VxmhuW6FAKeAoCFCDNQe0xFL2Gxcf97Q-WcffH3BgQc8:1qbhY8:KmUr5tkbjnOL1-X0GitfNbIDub_I59gkMs_yAMC4xIo", "expire_date": "2023-09-14T13:17:28.765"}}, {"model": "sessions.session", "pk": "e84bl2omjydq93c5z0dziauolkk57io0", "fields": {"session_data": ".eJxVjU0OwiAQhe_C2jQMbal0pxchMzBNiQ01BRKN8e5S04Uu39_3XsJiybMtiTcbvBhFJ06_HqG7cdwDXJbdbtC5tcTcfDtHnJpLVRxzcJjDGq_H6g81Y5orx3UDUtsbdwaPCpAnQ8DSETN6Giq-78ErbUCDlkDctsobqXEaiIH0Dk2cUr2x_LiH7SlGUNJoKd8fm55FuQ:1qUsLY:fA2V5JAv6RfQGcW19xyHFsihxqMF7YSRoaLbVARb6JQ", "expire_date": "2023-08-26T17:24:16.353"}}, {"model": "sessions.session", "pk": "fz4ywy8rrlkus5w41cw5mr1luj8olpbc", "fields": {"session_data": ".eJxVjEEOwiAQRe_C2hCYAjO4dN8zEGCoVA1NSrsy3t006UK3_7333yLEfath72UNM4urGMTld0sxP0s7AD9iuy8yL21b5yQPRZ60y3Hh8rqd7t9Bjb0eNRPApGHQiKQcmFxoQsVsEZgSZUhEevLeOmeVH7RBY1CRzkgWvROfL7qSNh4:1qQ3fT:fnG63XAJLxGTLXNRMWL1rFOgnnGTJ2dlONYgp5rjCzU", "expire_date": "2023-08-13T10:28:55.284"}}, {"model": "sessions.session", "pk": "iqj1wthktgw4niqpcrmb0fr0oio7yod8", "fields": {"session_data": ".eJxVjEEOwiAQRe_C2hCYAjO4dN8zEGCoVA1NSrsy3t006UK3_7333yLEfath72UNM4urGMTld0sxP0s7AD9iuy8yL21b5yQPRZ60y3Hh8rqd7t9Bjb0eNRPApGHQiKQcmFxoQsVsEZgSZUhEevLeOmeVH7RBY1CRzkgWvROfL7qSNh4:1qQ7BA:FphCLeP9Q6exRz1dWxS_hf1-zCNv0Y765V3OEiYWuUo", "expire_date": "2023-08-13T14:13:52.462"}}, {"model": "sessions.session", "pk": "ow3y8ywhztv2reo41hwvhwb0ccus5fak", "fields": {"session_data": ".eJytVG1z4jYQ_iutPwdHkl8kM9OZApeEuxwkQAghbccj2zIYjKVIMoTc5L9XfkmatDd3106_rK19eVa7j3a_WIrHGc1pHPOy0GFzyvkqK6zuF6tVV79ZYnWLMs9PrFIxGf51FJLvs4RJq2utOF_lzDIuldmCEPiYYOy5nkt8SDBxIDLWnCodtjkajIRqFm54VrBXWPaoJQ2NgdbZlTKAa62F6p6ettdSdpPQjvnOwNInYXwcF3ouDogbOKijy0LQdCX2PIpzKlmCUMGhq9BO7QXzpE2FeEGpyop5oVmhXwDL5P8FVGX0jbawHc1yY4-PkhV8T22a_7qqdG10bQ_3TGZpVvVJy5KZS-pwTdXaxOV4u_mcXgwenrLZRyVkwgZAH0xgQXfM2H8vgQtBJZ2oll4tk1qCn6oP8ivp1mYX_MOJ1RI1AQZYZLEuJXvDTL52vl79KT3t9eLhjWaTy7I3WYAtCPpXMrreDq5naoGux3x9GBbzyyG4Hw3u1nr-SNI9_0UFfic2qVbZnhXhD1VivFO6y_LjW_d_WVnOY5pXsbI0p4yaEYB-AM0jIC6pHqdoFZ7juuT5uZmK93MiqFIHLqs39POi7A_SuRjJAl-mwdkxO9uli707Gh1u3XvhXIy9m6vZBsqvTkemQlUKJpsUKc0Va_K19VUFZ9JE_Wh76hT_vTnfe6jVfTVN09e7GgWNtWHw5dG-m3cLAeR0AOlAdAPdLsRdRGyAwL1l2mqANKv6atZMzOot0PTGmGIu2vJpqdehoJLuKocqrhkWmiTSBDGj_e0bK-x7Bf195oTMdlQem-PzHyeW5ltWvGffLII6Azx52aJvErb-1pGiwKagl_bD6NhneNDf9EQK_FVSZFM1vtiIDNEPS_h5kCzxp2IOcLyaTMdKLz5wPCivHvrHaccbdh7QQznlrNzOr9NoAkcX5QYnUTj1bxL5uBdLuc7O-2gw2Z5thvAuvrsogLPonJF4M_fyDZqer8t0QRZA-IdgfnBw8PG4i-4W42EB6WC1vOzdLme96Wh2Phmq_TJXM5csbvJPG-ncPk1nlPJ0OIU9AH3HaosLFYsl0w09Zlwyw0NYjdE7tr2abWwDSAzbhrawZvKVHqvCe6OLaGywK0OyocWK29WGkVlkVy52a1X2iCcs77e-7wDaVZkkBKEUIgdiTICP3JiRFIMk8TBKSERiFBEC0yDwfN8DgQNd7LoYEBhj4uHAt57_BKTpUKQ:1qUpZq:eIiGby9GHCTT20_QYVp3Zhd2ON1FD-rryVBL4yQ9i4M", "expire_date": "2023-08-26T14:26:50.251"}}, {"model": "sessions.session", "pk": "s5r1a2sikapr6nvk21fnl4ejg1so8xkc", "fields": {"session_data": ".eJxVjcsOgjAQRf-la0P6hrLTH2mGYSY0kmJsSTTGfxcMC13e17kvEWGtU1wL3WMaRS-UFqdfcwC8Ut4TmOfdbgBxWXNtvp0jLs15U5RrQqhpyZdj9YeaoEwbh411UiMaRR4H6ZXG1kgXrA4cNHtHXlLnWI-W2LbMioK0YFw3oCLZ7tBCpWw3kR63dH-KXr4_xoJDWA:1qaDd1:N0U-8xgp0zLV-bJooYTYDUsGjet63UvD43O_W8GZAWk", "expire_date": "2023-09-10T11:08:23.614"}}, {"model": "sessions.session", "pk": "u1rjdbaougxkssl8tm2jw6cxv121zysc", "fields": {"session_data": ".eJxVjEEOwiAQRe_C2hCYAjO4dN8zEGCoVA1NSrsy3t006UK3_7333yLEfath72UNM4urGMTld0sxP0s7AD9iuy8yL21b5yQPRZ60y3Hh8rqd7t9Bjb0eNRPApGHQiKQcmFxoQsVsEZgSZUhEevLeOmeVH7RBY1CRzkgWvROfL7qSNh4:1qSJvX:Rq-rE4kIusrsEIHXQIkI35oR9I46T9HWhsiuHqyUATw", "expire_date": "2023-08-19T16:14:51.380"}}, {"model": "sessions.session", "pk": "ymlc5cg9ozihzg1a9bq3j12zn1i7e8jg", "fields": {"session_data": ".eJxVjEEOwiAQRe_C2hCYAjO4dN8zEGCoVA1NSrsy3t006UK3_7333yLEfath72UNM4urGMTld0sxP0s7AD9iuy8yL21b5yQPRZ60y3Hh8rqd7t9Bjb0eNRPApGHQiKQcmFxoQsVsEZgSZUhEevLeOmeVH7RBY1CRzkgWvROfL7qSNh4:1qQ4AT:-noRzg86tfTW70FNZflOqi1OXK21vrZ5F_yAqjePna4", "expire_date": "2023-08-13T11:00:57.001"}}, {"model": "sites.site", "pk": 1, "fields": {"domain": "127.0.0.1", "name": "example.com"}}, {"model": "flatpages.flatpage", "pk": 1, "fields": {"url": "/news/", "title": "News", "content": "flatpage.content", "enable_comments": false, "template_name": "", "registration_required": false, "sites": [1]}}, {"model": "account.emailaddress", "pk": 1, "fields": {"user": 4, "email": "common_user@example.com", "verified": false, "primary": true}}, {"model": "account.emailaddress", "pk": 2, "fields": {"user": 5, "email": "example@example.com", "verified": false, "primary": true}}, {"model": "account.emailaddress", "pk": 4, "fields": {"user": 7, "email": "sergeeva@mail.ru", "verified": false, "primary": true}}, {"model": "account.emailaddress", "pk": 5, "fields": {"user": 8, "email": "example1@example.com", "verified": false, "primary": true}}, {"model": "account.emailaddress", "pk": 9, "fields": {"user": 12, "email": "cyrenova.alena@mail.ru", "verified": true, "primary": true}}, {"model": "account.emailaddress", "pk": 10, "fields": {"user": 3, "email": "cyrenova.al@gmail.com", "verified": true, "primary": true}}, {"model": "socialaccount.socialapp", "pk": 1, "fields": {"provider": "google", "name": "Google", "client_id": "341547984932-tunpafgpvobclared22no14s2msvpe5r.apps.googleusercontent.com", "secret": "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", "key": "", "sites": [1]}}, {"model": "news.author", "pk": 1, "fields": {"user": 1, "rating": 12}}, {"model": "news.author", "pk": 2, "fields": {"user": 2, "rating": 17}}, {"model": "news.author", "pk": 5, "fields": {"user": 12, "rating": 0}}, {"model": "news.category", "pk": 4, "fields": {"theme": "Происшествия"}}, {"model": "news.category", "pk": 5, "fields": {"theme": "Наука и технологии"}}, {"model": "news.category", "pk": 6, "fields": {"theme": "Культура"}}, {"model": "news.category", "pk": 7, "fields": {"theme": "Экономика"}}, {"model": "news.categorysubscribers", "pk": 1, "fields": {"category": 6, "subscriber": 3}}, {"model": "news.categorysubscribers", "pk": 2, "fields": {"category": 6, "subscriber": 12}}, {"model": "news.categorysubscribers", "pk": 3, "fields": {"category": 5, "subscriber": 12}}, {"model": "news.categorysubscribers", "pk": 4, "fields": {"category": 4, "subscriber": 12}}, {"model": "news.categorysubscribers", "pk": 5, "fields": {"category": 5, "subscriber": 3}}, {"model": "news.post", "pk": 2, "fields": {"post_type": "AR", "post_time": "2023-07-25T15:22:27.309", "headline": "Антикризисные мероприятия в сфере налогового законодательства", "article_text": "На сегодняшний день каждый из нас обречён уплачивать налоговые вычеты разных видов, уплачивать государственную пошлину и сборы, но государство не может уберечь нас от кризиса в налоговом законодательстве и спешит принять различные меры, чтобы не допустить налогового кризиса, такие меры называются антикризисными и в этой статье речь пойдёт именно о них, ведь все должны знать на что делает государство чтобы уберечь себя от кризиса, особенно кризиса в налоговом законодательстве, ведь на нём держится весь его бюджет и состоятельность страны.", "rating": 2, "post_author": 2}}, {"model": "news.post", "pk": 3, "fields": {"post_type": "AR", "post_time": "2023-07-25T15:26:19.602", "headline": "Технология и наука", "article_text": "В статье проводится философское исследование трансформаций в структуре и статусе науки и технологий в условиях современности. В статье рассмотрены основные стороны бытия науки. Приводятся основные характеристики современной науки. Изложены выводы, полученные при проведении сравнительного анализа современного состояния науки и науки периода «холодной войны». В статье сделан вывод о том, что современную науку и технологии характеризует человекоразмерность, которая эксплицируется через антропный принцип, проявляющийся в разных аспектах. Выявлены основные проблемы цивилизационного крисиза: экологическая проблема, опасность ядерных конфликтов, потеря смысла жизни. Выявлено, что антропный принцип позволяет по-новому интерпретировать место и роль человека в универсуме. Такого рода «вселенский человек» становится фактором «управления» развития системы «общество-природа», направляя последнее в сторону повышения стабильности.", "rating": 2, "post_author": 2}}, {"model": "news.post", "pk": 4, "fields": {"post_type": "NW", "post_time": "2023-07-25T15:27:33.567", "headline": "Исследование: продолжительность сна зависит от страны проживания", "article_text": "Ученые из Южной Кореи установили, что продолжительность сна человека зависит от того, где географически находится страна. Исследование опубликовано в журнале Scientific Reports.\r\n\r\nИсследователи изучили данные о сне владельцев умных часов от Nokia. В эксперименте участвовали более 30 тысяч человек из 11 стран. Ученые получили около 52 млн записей о сне.\r\n\r\nСамая короткая продолжительность сна была установлена в Японии — 6 часов 51 минута. При этом в Финляндии (самая счастливая страна мира по версии World Happiness Report) этот показатель наиболее высокий. Финны в среднем спят по восемь часов в сутки. США и Канада находятся примерно на одном уровне с Финляндией.\r\n\r\nСреднее время пробуждения во всех странах, участвовавших в эксперименте — 7 утра. При этом граждане стран с более высоким ВВП — это связано как с объемами работы, так и с доступом к технологиям и развлечениям — ложились спать значительно позже.", "rating": 3, "post_author": 1}}, {"model": "news.post", "pk": 5, "fields": {"post_type": "NW", "post_time": "2023-08-06T07:08:31.650", "headline": "В Росавиации выступили против нацоператоров в отрасли беспилотников", "article_text": "Отрасли беспилотных летательных аппаратов не нужны национальные операторы, так как это убьет ее, необходима конкуренция, заявил журналистам в субботу на \"Архипелаге 2023\" в Новосибирске замглавы Росавиации Андрей Добряков.\r\n«\r\n\"Я считаю, что не нужен (национальный оператор – ред.). Нам нужна конкуренция и если мы сейчас назначим каких-то операторов, какие-то фирмы, то это убьет отрасль. Мы за демократию с соблюдением законов\", - сказал он.\r\n\r\nДобряков также сообщил, что создание какого-то единого оператора для пилотируемой и беспилотной авиации также не обсуждается.\r\n«\r\n\"Ни в коем случае не надо. Это разные виды, не нужно их объединять. Нужно дать возможность отрасли развиваться, а развитие может быть только там, где конкуренция\", - пояснил он.", "rating": 0, "post_author": 2}}, {"model": "news.post", "pk": 6, "fields": {"post_type": "NW", "post_time": "2023-08-06T07:10:30.256", "headline": "Эксперт предположила, когда можно будет получать выплаты в цифровом рубле", "article_text": "Россияне, вероятно, уже со следующего года смогут по желанию получать социальные выплаты в цифровом рубле, заявила РИА Новости магистр права, доцент кафедры государственных и муниципальных финансов РЭУ имени Плеханова Мери Валишвили.\r\n\"Можно предположить, что со следующего года получать соцвыплаты в цифровой валюте можно будет в заявительном порядке, то есть по желанию\", - рассказала эксперт, пояснив, что на данном этапе не предполагается обязательный перевод социальных выплат, в том числе пенсий, пособий и материнского капитала в цифровую форму.\r\nПо ее словам, все операции с цифровым рублем будут абсолютно прозрачны, так как каждый денежный знак в цифровой форме представляет собой индивидуальный цифровой код. Следовательно, для государства перевод бюджетных расчетов в цифровой форме означает повышение эффективности использования средств.\r\nВалишвили отметила, что для ускорения проекта по пилотированию цифрового рубля Банк России должен принять правила платформы цифровой валюты, регламентирующие типы электронных кошельков и виды операций, порядок верификации пользователей и получение цифровой подписи. В настоящее время проект правил опубликован на сайте мегарегулятора, но официально не принят, напомнила эксперт. Фактически эти правила будут являться инструкцией по использованию цифровой валюты, добавила она.\r\nС августа в России вступили в силу основные положения закона, закрепляющего правовые нормы введения цифрового рубля - третьей формы национальной валюты. В начале июля Банк России сообщал, что рассчитывает в кратчайшие сроки принять нормативные акты, необходимые для пилотирования реальных операций с цифровым рублем, а его тестирование планируется начать в августе.\r\nЦБ ранее заявлял, что никакого принудительного перевода зарплат или пенсий в цифровые рубли не планируется, как и перевода всех социальных выплат только на цифровой рубль. Каждый человек сможет выбирать тот способ получения денег, который ему удобнее, и цифровой рубль - это просто еще один инструмент, указывал регулятор.", "rating": 0, "post_author": 2}}, {"model": "news.post", "pk": 7, "fields": {"post_type": "NW", "post_time": "2023-08-06T07:11:50.571", "headline": "При взрыве газа в пятиэтажке Канска пострадали 11 человек", "article_text": "Взрыв произошел в жилой пятиэтажке города Канска. Об этом сообщается в телеграм-канале ГУ МЧС России по Красноярскому краю.\r\n\r\nСообщение о взрыве газа поступило экстренным службам в 18:00 по местному времени (14:00 по московскому времени). Из пятиэтажного дома оперативно эвакуировались 200 человек, в том числе 20 детей. Пожар, начавшийся после взрыва, ликвидировали через 15 минут.\r\n\r\nВ результате происшествия пострадали 11 жильцов, сообщает ТАСС со ссылкой на региональный Минздрав. Семь человек госпитализировали, два находятся в тяжелом состоянии.\r\n\r\nПо данным СК по Красноярскому краю, взрыв газа произошел во время замены трубопровода в одной из квартир. Возбуждено уголовное дело о нарушении правил безопасности при ведении строительных работ. В МЧС отметили, что стены дома целы. Повреждены межкомнатные перегородки, окна и двери квартир.", "rating": 0, "post_author": 2}}, {"model": "news.post", "pk": 8, "fields": {"post_type": "NW", "post_time": "2023-08-06T07:12:26.079", "headline": "При сходе оползня в Грузии погибли шесть человек", "article_text": "В зоне схода оползня на курорте Шови в крае Рача-Лечхуми спасатели обнаружили тела шести погибших. На связь не выходит 31 человек. Об этом пишет Mtavari.\r\n\r\nТелеканал уточняет, что два тела спасатели нашли накануне, еще четыре — сегодня утром. По словам местных властей, из зоны бедствия эвакуировали 210 пострадавших.\r\n\r\nСпасатели все еще не могут добраться до зоны коттеджей, где находится 31 человек. За ночь число людей сократилось с 50 — многих спасатели обнаружили спасающимися на возвышенностях.\r\n\r\nКрупный оползень сошел на курорт Шови в четверг вечером. Стихия снесла в воду коттеджи, расположенные по берегам реки. Однако центральное трехэтажное здание устояло. Геологи считают, что подобного стихийного бедствия никогда не было в Западной Грузии.", "rating": 0, "post_author": 1}}, {"model": "news.post", "pk": 9, "fields": {"post_type": "AR", "post_time": "2023-08-06T07:15:23.796", "headline": "Понятие «культура»: традиции понимания и концептуальный выбор", "article_text": "Статья посвящена анализу точек зрения, связанных с рассмотрением проблемы определения понятия \"культура\". Автор приводит аргументы в пользу деятельностного подхода.", "rating": 2, "post_author": 2}}, {"model": "news.post", "pk": 10, "fields": {"post_type": "NW", "post_time": "2023-08-06T07:16:00.998", "headline": "«Самый подрывной блокбастер XXI века» В мировой прокат выходит «Барби». За что хвалят один из главных фильмов года?", "article_text": "21 июля в зарубежном кинопрокате произойдет редкое столкновение двух горячо ожидаемых зрителями блокбастеров — это «Барби» Греты Гервиг и «Оппенгеймер» Кристофера Нолана. И если детали байопика создателя атомной бомбы пока не разглашаются, то первые рецензии на утопленную в розовом цвете и самоиронии комедию из жизни самой популярной куклы мира уже появились. «Лента.ру» рассказывает, за что хвалят и ругают «Барби» ведущие западные критики.", "rating": 4, "post_author": 2}}, {"model": "news.post", "pk": 11, "fields": {"post_type": "AR", "post_time": "2023-08-06T07:16:43.011", "headline": "Зимний путь посреди весны: паргельные солнца наших онлайновых театральных просмотров", "article_text": "Ты устал, и мы устали,\r\nголубее льна и стали\r\nглаз косит ленив и вял.\r\nА с конями нету сладу...\r\nХочешь песенку в награду?\r\nWinterreise... пенный вал...\r\n\r\nМихаил Кузьмин", "rating": -2, "post_author": 1}}, {"model": "news.post", "pk": 19, "fields": {"post_type": "NW", "post_time": "2023-08-06T12:28:10.583", "headline": "Рецессия: что это и какие риски несет для экономики", "article_text": "Что такое рецессия, какова ее вероятность в России и как ее прожить с минимальными потерями — в ликбезе «РБК Инвестиций»", "rating": 0, "post_author": 1}}, {"model": "news.post", "pk": 20, "fields": {"post_type": "AR", "post_time": "2023-08-06T13:24:35.650", "headline": "Художник Гоша Острецов: «Искусство — это иллюзионизм»", "article_text": "До 18 июля в галерее a-s-t-r-a можно увидеть коллективную выставку «Мир идей», на которой представлены работы 11 независимых авторов из культового объединения VGLAZ, основанного художником Гошей Острецовым в 2008 году. Специально для «Сноба» Гоша Острецов вспоминает жизнь художников советского андеграунда, опыт 10-летней эмиграции во Франции и свое знакомство с Мартином Маржелой, Такадой Кензо и Жан-Полем Готье", "rating": 0, "post_author": 1}}, {"model": "news.post", "pk": 21, "fields": {"post_type": "NW", "post_time": "2023-08-06T13:30:05.490", "headline": "Meta* запускает AudioCraft, искусственный интеллект, который грозит заменить музыкантов", "article_text": "Компания Meta* анонсировала AudioCraft - набор инструментов, основанных на искусственном интеллекте. Он включает в себя три различные модели искусственного интеллекта и может быть использован для создания высококачественной музыки и звуковых эффектов. Для ускорения исследований компания Meta* выложила код своей технологии в открытый доступ. Компания Meta принимает активное участие в гонке искусственного интеллекта и недавно выпустила AudioCraft - набор инструментов, основанных на искусственном интеллекте. Этот набор способен \"легко генерировать высококачественное аудио и музыку\" на основе простого текста. Для создания звуковых дорожек достаточно описать искусственному интеллекту то, что вы задумали. При этом \"не нужно играть ни одной ноты на инструменте\", — подчеркивает компания из Менло-Парка в своем блоге. Таким образом, нет необходимости учиться играть на гитаре, скрипке или фортепиано!", "rating": 0, "post_author": 1}}, {"model": "news.post", "pk": 22, "fields": {"post_type": "AR", "post_time": "2023-08-06T13:31:39.094", "headline": "Странные гигантские вирусы обнаружены в американском лесу", "article_text": "Группа исследователей объявила об обнаружении новых гигантских вирусов в лесной почве в Новой Англии (США). Оказалось, что они имеют признаки, ранее не встречавшиеся у других вирусов такого же размера. К ним относятся звездообразные внешние \"оболочки\" со странными трубчатыми придатками.", "rating": 0, "post_author": 1}}, {"model": "news.post", "pk": 28, "fields": {"post_type": "NW", "post_time": "2023-08-23T15:05:01.556", "headline": "У Музея Победы в Москве развернули самый большой российский триколор", "article_text": "Российский флаг площадью 1000 квадратных метров развернули в День Государственного флага у стен Музея Победы, передает корреспондент РИА Новости. День Государственного флага отмечается 22 августа. Российский триколор, занесенный в \"Книгу рекордов и достижений\" страны, вынесли под сопровождение оркестра Военного университета имени князя Александра Невского министерства обороны РФ и развернули у стен Музея Победы. В церемонии участвуют представители волонтерских и молодежных организаций, военных образовательных учреждений. После церемонии флаг отдадут на хранение в Музей Победы. \"День Российского флага - один из самых молодых праздников современной России. В этот день мы отдаём дань уважения символам государства, прошедшего долгий героический путь. В праздновании Дня Государственного флага Российской Федерации в Музее Победы примут участие личный состав 1-го отдельного стрелкового Семёновского полка, личный состав отдельной орденов Ленина и Октябрьской революции Краснознамённой дивизии оперативного назначения имени Дзержинского, войска национальной гвардии России, всероссийское детское юношеское военно-патриотическое общественное движение \"Юнармия\", всероссийское движение\" Волонтёры Победы\", волонтёры Музея Победы, а также курсанты Военного университета имени Князя Александра Невского министерства обороны РФ\", - заявил во время открытия церемонии директор филиала Музея Победы \"Г.О.Р.А.\" Андрей Батурин. Церемония разворачивания самого большого российского триколора происходит каждый год в День Государственного флага 22 августа.", "rating": 0, "post_author": 5}}, {"model": "news.post", "pk": 29, "fields": {"post_type": "AR", "post_time": "2023-08-23T15:08:56.300", "headline": "Рядом с галактикой Сомбреро обнаружили активное галактическое ядро", "article_text": "Астрономы Среднеатлантического университета в Испании идентифицировали необычный объект, который оказался галактикой с активным ядром (АЯГ). Об открытии сообщается в препринте, доступном на сайте arXiv.  АЯГ представляют собой компактную область в центрах некоторых галактик, чья яркость превышает яркость самой галактики. Энергия испускается либо за счет активной сверхмассивной черной дыры, либо за счет звездообразования.  Открытие нового АЯГ было совершено в ходе анализа изображений галактики Сомбреро (NGC 4594), которая является спиральной галактикой и расположена в 31 миллионе световых лет от Земли. Ученые определили, что объект, находящийся в ореоле NGC 4594 и ранее классифицированный как кандидат в шаровые скопления может быть спиральной галактикой с перемычкой и с АЯГ в центре.  Дальнейшие исследования показали, что PSO J190.0326-11.6132 представляет собой галактику с доминирующим центральным рукавом, ядром и, возможно, двумя спиральными рукавами с горячими молодыми звездами и пылью. Новооткрытую галактику предложили называть галактикой Ирис. Галактика с АЯГ может быть гравитационно связана с NGC 4594 и являться ее спутником. В этом случае ее угловой размер достигает около 1000 световых лет. В противном случае расстояние до нее должно составлять около 65 миллионов световых лет, а угловой размер — 71 тысяча световых лет.", "rating": 0, "post_author": 5}}, {"model": "news.post", "pk": 30, "fields": {"post_type": "NW", "post_time": "2023-08-24T12:39:30.848", "headline": "Доля доллара в глобальных расчетах рекордно выросла", "article_text": "По итогам июля 2023 года доля американского доллара в структуре международных расчетов выросла с 42 процентов до рекордных 46,46 процента. Этот показатель стал максимальным за последние пять лет, сообщает ТАСС со ссылкой на данные аналитиков Международной межбанковской системы передачи информации и совершения платежей (SWIFT).  Позиции главного конкурента американской валюты — евро, — напротив, резко снизились до 24,42 процента, хотя в июне находились на уровне 31,25 процента. Этот показатель стал рекордно низким за всю историю составления отчетов международной системы. Тройку лидеров в списке самых востребованных мировых валют замкнул британский фунт стерлингов. Его доля в структуре глобальных расчетов по итогам июля увеличилась с 6,88 до 7,63 процента. В топ-5 также вошли японская иена и китайский юань с показателями 3,51 и 3,06 процента соответственно. Доли обеих валют продемонстрировали незначительный прирост в 0,15 и 0,29 процентного пункта.  Ранее директор Нового банка развития БРИКС Лесли Маасдорп заявил, что, несмотря на планы Бразилии, России, Индии, Китая и Южно-Африканской Республики увеличить расчеты в национальных валютах, доллар США остается основной денежной единицей в межгосударственных расчетах объединения. В обозримом будущем ситуация не изменится — американская валюта останется «запрограммированной» в ДНК банка» денежной единицей.", "rating": 0, "post_author": 2}}, {"model": "news.post", "pk": 31, "fields": {"post_type": "AR", "post_time": "2023-08-24T12:41:28.291", "headline": "Дорожно-транспортное происшествие при алкогольном опьянении", "article_text": "Водители, нарушающие установленные правила во время управления личным и общественным транспортом, привлекаются к административной ответственности.  По статистике, в большинстве случаев причиной аварий на дорогах является нахождение человека за рулем в нетрезвом виде. Последствия таких проступков часто бывают тяжелыми, включая смерть пассажиров и пешеходов.  В подобных ситуациях наказание при ДТП в состоянии алкогольного опьянения ужесточается, предусматриваются уголовные меры воздействия.", "rating": 0, "post_author": 5}}, {"model": "news.post", "pk": 32, "fields": {"post_type": "AR", "post_time": "2023-08-24T13:31:06.000", "headline": "Момент наезда на шедших по тротуару пешеходов в российском городе попал на видео", "article_text": "Момент наезда автомобиля на пешеходов в Калуге попал на видео. Ролик опубликовал Telegram-канал «Подъем».  На кадрах с камеры видеонаблюдения двигавшийся по проезжей части автомобиль заезжает на тротуар, снося стоявших у переходного перехода людей и информационный стенд. Не меняя курса и не замедляясь, автомобиль продолжает движение до тех пор, пока после столкновения со стеной дома он не останавливается перед крыльцом одного из магазинов.  ЧП произошло на улице Кирова. По имеющимся данным, водитель легковушки не справился с управлением. Мужчина был пьян, его везут на медосвидетельствование.  Губернатор Калужской области Владислав Шапша сообщил о десяти пострадавших, двое из которых дети. Шестеро человек госпитализированы, один из пострадавших находится в тяжелом состоянии.", "rating": 0, "post_author": 1}}, {"model": "news.post", "pk": 33, "fields": {"post_type": "AR", "post_time": "2023-08-24T13:31:32.900", "headline": "Момент наезда на шедших по тротуару пешеходов в российском городе попал на видео", "article_text": "Момент наезда автомобиля на пешеходов в Калуге попал на видео. Ролик опубликовал Telegram-канал «Подъем».  На кадрах с камеры видеонаблюдения двигавшийся по проезжей части автомобиль заезжает на тротуар, снося стоявших у переходного перехода людей и информационный стенд. Не меняя курса и не замедляясь, автомобиль продолжает движение до тех пор, пока после столкновения со стеной дома он не останавливается перед крыльцом одного из магазинов.  ЧП произошло на улице Кирова. По имеющимся данным, водитель легковушки не справился с управлением. Мужчина был пьян, его везут на медосвидетельствование.  Губернатор Калужской области Владислав Шапша сообщил о десяти пострадавших, двое из которых дети. Шестеро человек госпитализированы, один из пострадавших находится в тяжелом состоянии.", "rating": 0, "post_author": 1}}, {"model": "news.post", "pk": 34, "fields": {"post_type": "AR", "post_time": "2023-08-24T13:34:20.262", "headline": "Депутат Госдумы попал в ДТП в Москве", "article_text": "Член комитета Госдумы по обороне генерал-лейтенант Андрей Гурулев попал в ДТП в Москве. Об этом сообщает «Подъем» со ссылкой на пресс-секретаря депутата Андрея Левинцева.  «Андрей Викторович действительно попал в ДТП на своей личной машине. Он двигался по своей полосе, по улице Правды. По соседней полосе, с парковки, начал выезжать автомобиль. Встречный автомобиль начал его обруливать и въехал в Андрея Викторовича», — пояснил собеседник издания.  По словам пресс-секретаря, сильно никто не пострадал, парламентарию госпитализация не потребовалась. На данный момент участники аварии ждут прибытия ДПС.  Ранее стало известно, что зампред Госдумы Борис Чернышов сломал руку в ходе ДТП около столичного аэропорта Шереметьево. Уточнялось, что депутат получил перелом плечевой кости. Согласно имеющейся информации, авария произошла вечером в четверг, 13 июля, когда автомобиль Чернышова двигался по Шереметьевскому шоссе.", "rating": 0, "post_author": 2}}, {"model": "news.post", "pk": 35, "fields": {"post_type": "AR", "post_time": "2023-08-24T13:37:26.458", "headline": "Опубликована карта места падения самолета Пригожина", "article_text": "Появились карты места падения самолета Embraer в Тверской области, принадлежавшего бизнесмену и основателю ЧВК «Вагнер» Евгению Пригожину.  Как следовало из данных сервиса Flightradar24, в районе деревни Кривцово самолет перестал посылать сигнал о своем местонахождении. Расстояние от Кривцово до Куженкино, где борт потерпел крушение, составляет около 150 километров.  Из отчета Flightradar24 следует, что после пролета Кривцово борт передавал данные только о скорости и высоте полета. Известно, что перед крушением борт резко потерял высоту — за 30 секунд воздушное судно снизилось сразу на 2,4 километра. На момент написания заметки данные о самолете Пригожина на сайте Flightradar24 удалены. Судя по опубликованным кадрам с места происшествия, самолет упал в поле и не повредил жилые дома. Согласно данным о загруженности дорог Куженкино в сервисе «Яндекс.Карты», на одном отрезке, проходящем вдоль поля в этом районе, движение затруднено.  Обломки упавшего самолета разбросало на несколько километров от падения основной его части. На следующее утро после автокатастрофы специалисты обнаружили два обломка — один из них оказался элементом хвостового оперения самолета, его нашли в 3,5 километра от места крушения, возле частного жилого дома. Самолет Embraer, который выполнял рейс из Москвы в Санкт-Петербург, потерпел крушение в Тверской области в среду, 23 августа. На борту находились десять человек, спасти никого не удалось. Пассажиром лайнера также числился ключевой командир «Вагнера» Дмитрий Уткин. В списке Росавиации также сообщается о трех членах экипажа — командире, втором пилоте и бортпроводнике.", "rating": 0, "post_author": 5}}, {"model": "news.post", "pk": 36, "fields": {"post_type": "AR", "post_time": "2023-08-24T13:40:03.618", "headline": "Появились подробности о разбившемся на самолете с Пригожиным телохранителе", "article_text": "На борту самолета бизнесмена Евгения Пригожина, потерпевшего крушение в Тверской области, также находился его телохранитель Александр Тотмин. Подробности о нем появились у портала Ngs.ru.  Журналисты выяснили, что Тотмин родился в 1995 году в сибирском селе Алтайское и со школы занимался боксом. Как рассказал тренер россиянина Андрей Помазков, окружение Тотмина узнало, что тот стал личным охранником Пригожина, совсем недавно. «Сперва мы не знали, что он стал вагнеровцем. Он служил официально в спецназе, контракт подписал, потом вроде бы как увольнялся на какое-то время», — рассказал наставник Тотмина.  По его словам, все знакомые Тотмина, уходившие в частную военную компанию, делали это при его поддержке. При этом сам он никогда особо не афишировал, что работает в личной охране Пригожина. Бизнес-джет Embraer, летевший по маршруту Москва — Санкт-Петербург, потерпел крушение в районе поселка Куженкино в Бологовском районе Тверской области вечером 23 августа. На борту находились десять человек, в том числе Пригожин и ключевой командир частной военной компании «Вагнер» Дмитрий Уткин. Выживших нет.  Очевидцы авиакатастрофы рассказали, что перед крушением слышали два сильных хлопка. В качестве причин рассматривается ошибка пилотирования, технические неполадки и внешнее воздействие. По одной из версий, в отсек шасси самолет могла быть заложена бомба.", "rating": 0, "post_author": 5}}, {"model": "news.post", "pk": 37, "fields": {"post_type": "AR", "post_time": "2023-08-27T11:11:16.178", "headline": "В России заявили о страхе Японии перед США", "article_text": "Власти Японии, пытаясь заискивать перед США, боятся вспоминать в публичных выступлениях, кто совершил ядерную атаку на Хиросиму и Нагасаки. О страхе Токио заявил секретарь Совбеза РФ Николай Патрушев на совещании по безопасности Дальнего Востока России, передает РИА Новости.  «Фальсификаторы истории цинично внушают японцам, что агрессором являлась Россия, а американцы пришли к ним как спасители. Но тот факт, что они заживо сожгли в ядерном огне сотни тысяч мирных японских граждан, и вовсе искажается», — сказал Патрушев.  Секретарь Совбеза добавил, что в то время, как на памятных мероприятиях японцы опасаются упоминать роль США в ядерной бомбардировке городов и рассуждают о якобы существующей российской ядерной угрозе, американцы в своей стране говорят о случившемся открыто и с гордостью.  Ранее генсек ООН Антониу Гутерриш почтил память пострадавших в Нагасаки, назвав произошедшее «моментом беспрецедентного ужаса для человечества». При этом в его послании не было упоминаний США как государства, ответственного за ядерную атаку на Хиросиму и Нагасаки.", "rating": 0, "post_author": 2}}, {"model": "news.post", "pk": 38, "fields": {"post_type": "NW", "post_time": "2023-08-27T11:14:59.456", "headline": "В ранней Вселенной число активных галактик оказалось меньше ожидаемого", "article_text": "Ученые Канзасского университета с помощью космического телескопа Уэбба (JWST) выявили, что активные ядра галактик, которые содержат сверхмассивные черные дыры, встречались в прошлом реже, чем предполагали астрономы ранее. Об этом сообщается в статье, опубликованной в журнале The Astrophysical Journal. Кратко о научной работе рассказывается в пресс-релизе на Phys.org.  Исследователи провели астрономический обзор Вытянутой полосы Грота (англ. Extended Groth Strip), расположенной между созвездиями Большой Медведицы и Волопаса. Галактики в этой области выглядят такими, какими они были 7-10 миллиардов лет назад. Считалось, что JWST обнаружит гораздо больше активных ядер галактик (АЯГ), чем в ходе предыдущего обзора, проведенного телескопом Spitzer. Однако число новых АЯГ оказалось небольшим.  Результаты исследования показывают, что сверхмассивные черные дыры не растут быстро, поглощают ограниченное количество материала и, возможно, не оказывают существенного влияния на родительские галактики. Также был обнаружен дефицит пыли в галактиках Вытянутой полосы Грота, хотя массивные галактики обычно содержат обильное количество пыли из-за высоких темпов звездообразования. Предполагалось, что галактики с меньшей массой также будут иметь значительное количество пыли. Это значит, что в прошлом было гораздо меньше активных галактик с большими темпами звездообразования, и указывает на то, что Млечный Путь, возможно, не имел активного ядра в прошлом.", "rating": 0, "post_author": 1}}, {"model": "news.postcategory", "pk": 2, "fields": {"post": 2, "category": 7}}, {"model": "news.postcategory", "pk": 3, "fields": {"post": 4, "category": 5}}, {"model": "news.postcategory", "pk": 4, "fields": {"post": 3, "category": 5}}, {"model": "news.postcategory", "pk": 5, "fields": {"post": 5, "category": 7}}, {"model": "news.postcategory", "pk": 6, "fields": {"post": 6, "category": 7}}, {"model": "news.postcategory", "pk": 7, "fields": {"post": 7, "category": 4}}, {"model": "news.postcategory", "pk": 8, "fields": {"post": 8, "category": 4}}, {"model": "news.postcategory", "pk": 9, "fields": {"post": 9, "category": 6}}, {"model": "news.postcategory", "pk": 10, "fields": {"post": 10, "category": 6}}, {"model": "news.postcategory", "pk": 11, "fields": {"post": 11, "category": 6}}, {"model": "news.postcategory", "pk": 19, "fields": {"post": 19, "category": 5}}, {"model": "news.postcategory", "pk": 20, "fields": {"post": 20, "category": 6}}, {"model": "news.postcategory", "pk": 21, "fields": {"post": 21, "category": 5}}, {"model": "news.postcategory", "pk": 22, "fields": {"post": 22, "category": 5}}, {"model": "news.postcategory", "pk": 27, "fields": {"post": 29, "category": 5}}, {"model": "news.postcategory", "pk": 28, "fields": {"post": 30, "category": 7}}, {"model": "news.postcategory", "pk": 29, "fields": {"post": 31, "category": 4}}, {"model": "news.postcategory", "pk": 30, "fields": {"post": 33, "category": 4}}, {"model": "news.postcategory", "pk": 31, "fields": {"post": 34, "category": 4}}, {"model": "news.postcategory", "pk": 32, "fields": {"post": 38, "category": 5}}, {"model": "news.comment", "pk": 1, "fields": {"comment_text": "Спасибо за обзор и анализ антикризисных налоговых мер", "comment_time": "2023-07-26T13:01:26.773", "rating": 2, "comments": 2, "user_comment": 1}}, {"model": "news.comment", "pk": 2, "fields": {"comment_text": "Без науки не может быть дальнейшего развития. Подобная стратегия безусловна нужна!", "comment_time": "2023-07-26T13:01:56.348", "rating": 2, "comments": 3, "user_comment": 1}}, {"model": "news.comment", "pk": 3, "fields": {"comment_text": "Теперь понятно, чтобы стать богаче, надо ложиться позже!", "comment_time": "2023-07-26T13:02:30.145", "rating": -1, "comments": 4, "user_comment": 1}}, {"model": "news.comment", "pk": 4, "fields": {"comment_text": "Корейцы решили вырвать у британцев эстафетную палочку и мчаться дальше. Скоро вместо британских учёных мы начнем слышать корейских ученых", "comment_time": "2023-07-26T13:03:09.333", "rating": 1, "comments": 4, "user_comment": 2}}, {"model": "django_apscheduler.djangojob", "pk": "delete_old_job_executions", "fields": {"next_run_time": "2023-08-28T00:00:00", "job_state": "gAWVWQQAAAAAAAB9lCiMB3ZlcnNpb26USwGMAmlklIwZZGVsZXRlX29sZF9qb2JfZXhlY3V0aW9uc5SMBGZ1bmOUjEFuZXdzLm1hbmFnZW1lbnQuY29tbWFuZHMucnVuYXBzY2hlZHVsZXI6ZGVsZXRlX29sZF9qb2JfZXhlY3V0aW9uc5SMB3RyaWdnZXKUjBlhcHNjaGVkdWxlci50cmlnZ2Vycy5jcm9ulIwLQ3JvblRyaWdnZXKUk5QpgZR9lChoAUsCjAh0aW1lem9uZZSMCGJ1aWx0aW5zlIwHZ2V0YXR0cpSTlIwSYmFja3BvcnRzLnpvbmVpbmZvlIwIWm9uZUluZm+Uk5SMCV91bnBpY2tsZZSGlFKUjANVVEOUSwGGlFKUjApzdGFydF9kYXRllE6MCGVuZF9kYXRllE6MBmZpZWxkc5RdlCiMIGFwc2NoZWR1bGVyLnRyaWdnZXJzLmNyb24uZmllbGRzlIwJQmFzZUZpZWxklJOUKYGUfZQojARuYW1llIwEeWVhcpSMCmlzX2RlZmF1bHSUiIwLZXhwcmVzc2lvbnOUXZSMJWFwc2NoZWR1bGVyLnRyaWdnZXJzLmNyb24uZXhwcmVzc2lvbnOUjA1BbGxFeHByZXNzaW9ulJOUKYGUfZSMBHN0ZXCUTnNiYXViaB2MCk1vbnRoRmllbGSUk5QpgZR9lChoIowFbW9udGiUaCSIaCVdlGgpKYGUfZRoLE5zYmF1YmgdjA9EYXlPZk1vbnRoRmllbGSUk5QpgZR9lChoIowDZGF5lGgkiGglXZRoKSmBlH2UaCxOc2JhdWJoHYwJV2Vla0ZpZWxklJOUKYGUfZQoaCKMBHdlZWuUaCSIaCVdlGgpKYGUfZRoLE5zYmF1YmgdjA5EYXlPZldlZWtGaWVsZJSTlCmBlH2UKGgijAtkYXlfb2Zfd2Vla5RoJIloJV2UaCeMFldlZWtkYXlSYW5nZUV4cHJlc3Npb26Uk5QpgZR9lChoLE6MBWZpcnN0lEsAjARsYXN0lEsAdWJhdWJoHymBlH2UKGgijARob3VylGgkiWglXZRoJ4wPUmFuZ2VFeHByZXNzaW9ulJOUKYGUfZQoaCxOaE9LAGhQSwB1YmF1YmgfKYGUfZQoaCKMBm1pbnV0ZZRoJIloJV2UaFYpgZR9lChoLE5oT0sAaFBLAHViYXViaB8pgZR9lChoIowGc2Vjb25klGgkiGglXZRoVimBlH2UKGgsTmhPSwBoUEsAdWJhdWJljAZqaXR0ZXKUTnVijAhleGVjdXRvcpSMB2RlZmF1bHSUjARhcmdzlCmMBmt3YXJnc5R9lGgiaAOMEm1pc2ZpcmVfZ3JhY2VfdGltZZRLAYwIY29hbGVzY2WUiIwNbWF4X2luc3RhbmNlc5RLAYwNbmV4dF9ydW5fdGltZZSMCGRhdGV0aW1llIwIZGF0ZXRpbWWUk5RDCgfnCBwAAAAAAACUaBiGlFKUdS4="}}, {"model": "django_apscheduler.djangojob", "pk": "my_job", "fields": {"next_run_time": "2023-08-24T13:50:10", "job_state": "gAWV1gMAAAAAAAB9lCiMB3ZlcnNpb26USwGMAmlklIwGbXlfam9ilIwEZnVuY5SMLm5ld3MubWFuYWdlbWVudC5jb21tYW5kcy5ydW5hcHNjaGVkdWxlcjpteV9qb2KUjAd0cmlnZ2VylIwZYXBzY2hlZHVsZXIudHJpZ2dlcnMuY3JvbpSMC0Nyb25UcmlnZ2VylJOUKYGUfZQoaAFLAowIdGltZXpvbmWUjAhidWlsdGluc5SMB2dldGF0dHKUk5SMEmJhY2twb3J0cy56b25laW5mb5SMCFpvbmVJbmZvlJOUjAlfdW5waWNrbGWUhpRSlIwDVVRDlEsBhpRSlIwKc3RhcnRfZGF0ZZROjAhlbmRfZGF0ZZROjAZmaWVsZHOUXZQojCBhcHNjaGVkdWxlci50cmlnZ2Vycy5jcm9uLmZpZWxkc5SMCUJhc2VGaWVsZJSTlCmBlH2UKIwEbmFtZZSMBHllYXKUjAppc19kZWZhdWx0lIiMC2V4cHJlc3Npb25zlF2UjCVhcHNjaGVkdWxlci50cmlnZ2Vycy5jcm9uLmV4cHJlc3Npb25zlIwNQWxsRXhwcmVzc2lvbpSTlCmBlH2UjARzdGVwlE5zYmF1YmgdjApNb250aEZpZWxklJOUKYGUfZQoaCKMBW1vbnRolGgkiGglXZRoKSmBlH2UaCxOc2JhdWJoHYwPRGF5T2ZNb250aEZpZWxklJOUKYGUfZQoaCKMA2RheZRoJIhoJV2UaCkpgZR9lGgsTnNiYXViaB2MCVdlZWtGaWVsZJSTlCmBlH2UKGgijAR3ZWVrlGgkiGglXZRoKSmBlH2UaCxOc2JhdWJoHYwORGF5T2ZXZWVrRmllbGSUk5QpgZR9lChoIowLZGF5X29mX3dlZWuUaCSIaCVdlGgpKYGUfZRoLE5zYmF1YmgfKYGUfZQoaCKMBGhvdXKUaCSIaCVdlGgpKYGUfZRoLE5zYmF1YmgfKYGUfZQoaCKMBm1pbnV0ZZRoJIhoJV2UaCkpgZR9lGgsTnNiYXViaB8pgZR9lChoIowGc2Vjb25klGgkiWglXZRoKSmBlH2UaCxLCnNiYXViZYwGaml0dGVylE51YowIZXhlY3V0b3KUjAdkZWZhdWx0lIwEYXJnc5QpjAZrd2FyZ3OUfZRoImgDjBJtaXNmaXJlX2dyYWNlX3RpbWWUSwGMCGNvYWxlc2NllIiMDW1heF9pbnN0YW5jZXOUSwGMDW5leHRfcnVuX3RpbWWUjAhkYXRldGltZZSMCGRhdGV0aW1llJOUQwoH5wgYDTIKAAAAlGgYhpRSlHUu"}}, {"model": "django_apscheduler.djangojobexecution", "pk": 1, "fields": {"job": "my_job", "status": "Error!", "run_time": "2023-08-24T13:42:20", "duration": "0.04", "finished": "1692884540.04", "exception": "Cannot resolve keyword 'data_create' into field. Choices are: article_text, comment, headline, id, post_author, post_author_id, post_category, post_time, post_type, postcategory, rating", "traceback": "  File \"/Users/alena/PycharmProjects/NewsPortal/venv/lib/python3.8/site-packages/apscheduler/executors/base.py\", line 125, in run_job\n    retval = job.func(*job.args, **job.kwargs)\n  File \"/Users/alena/PycharmProjects/NewsPortal/NewsPaper/news/management/commands/runapscheduler.py\", line 24, in my_job\n    this_week_posts = Post.objects.filter(data_create__gt=last_week)\n  File \"/Users/alena/PycharmProjects/NewsPortal/venv/lib/python3.8/site-packages/django/db/models/manager.py\", line 87, in manager_method\n    return getattr(self.get_queryset(), name)(*args, **kwargs)\n  File \"/Users/alena/PycharmProjects/NewsPortal/venv/lib/python3.8/site-packages/django/db/models/query.py\", line 1436, in filter\n    return self._filter_or_exclude(False, args, kwargs)\n  File \"/Users/alena/PycharmProjects/NewsPortal/venv/lib/python3.8/site-packages/django/db/models/query.py\", line 1454, in _filter_or_exclude\n    clone._filter_or_exclude_inplace(negate, args, kwargs)\n  File \"/Users/alena/PycharmProjects/NewsPortal/venv/lib/python3.8/site-packages/django/db/models/query.py\", line 1461, in _filter_or_exclude_inplace\n    self._query.add_q(Q(*args, **kwargs))\n  File \"/Users/alena/PycharmProjects/NewsPortal/venv/lib/python3.8/site-packages/django/db/models/sql/query.py\", line 1502, in add_q\n    clause, _ = self._add_q(q_object, self.used_aliases)\n  File \"/Users/alena/PycharmProjects/NewsPortal/venv/lib/python3.8/site-packages/django/db/models/sql/query.py\", line 1533, in _add_q\n    child_clause, needed_inner = self.build_filter(\n  File \"/Users/alena/PycharmProjects/NewsPortal/venv/lib/python3.8/site-packages/django/db/models/sql/query.py\", line 1383, in build_filter\n    lookups, parts, reffed_expression = self.solve_lookup_type(arg, summarize)\n  File \"/Users/alena/PycharmProjects/NewsPortal/venv/lib/python3.8/site-packages/django/db/models/sql/query.py\", line 1193, in solve_lookup_type\n    _, field, _, lookup_parts = self.names_to_path(lookup_splitted, self.get_meta())\n  File \"/Users/alena/PycharmProjects/NewsPortal/venv/lib/python3.8/site-packages/django/db/models/sql/query.py\", line 1681, in names_to_path\n    raise FieldError(\n"}}, {"model": "django_apscheduler.djangojobexecution", "pk": 2, "fields": {"job": "my_job", "status": "Error!", "run_time": "2023-08-24T13:42:30", "duration": "0.02", "finished": "1692884550.02", "exception": "Cannot resolve keyword 'data_create' into field. Choices are: article_text, comment, headline, id, post_author, post_author_id, post_category, post_time, post_type, postcategory, rating", "traceback": "  File \"/Users/alena/PycharmProjects/NewsPortal/venv/lib/python3.8/site-packages/apscheduler/executors/base.py\", line 125, in run_job\n    retval = job.func(*job.args, **job.kwargs)\n  File \"/Users/alena/PycharmProjects/NewsPortal/NewsPaper/news/management/commands/runapscheduler.py\", line 24, in my_job\n    this_week_posts = Post.objects.filter(data_create__gt=last_week)\n  File \"/Users/alena/PycharmProjects/NewsPortal/venv/lib/python3.8/site-packages/django/db/models/manager.py\", line 87, in manager_method\n    return getattr(self.get_queryset(), name)(*args, **kwargs)\n  File \"/Users/alena/PycharmProjects/NewsPortal/venv/lib/python3.8/site-packages/django/db/models/query.py\", line 1436, in filter\n    return self._filter_or_exclude(False, args, kwargs)\n  File \"/Users/alena/PycharmProjects/NewsPortal/venv/lib/python3.8/site-packages/django/db/models/query.py\", line 1454, in _filter_or_exclude\n    clone._filter_or_exclude_inplace(negate, args, kwargs)\n  File \"/Users/alena/PycharmProjects/NewsPortal/venv/lib/python3.8/site-packages/django/db/models/query.py\", line 1461, in _filter_or_exclude_inplace\n    self._query.add_q(Q(*args, **kwargs))\n  File \"/Users/alena/PycharmProjects/NewsPortal/venv/lib/python3.8/site-packages/django/db/models/sql/query.py\", line 1502, in add_q\n    clause, _ = self._add_q(q_object, self.used_aliases)\n  File \"/Users/alena/PycharmProjects/NewsPortal/venv/lib/python3.8/site-packages/django/db/models/sql/query.py\", line 1533, in _add_q\n    child_clause, needed_inner = self.build_filter(\n  File \"/Users/alena/PycharmProjects/NewsPortal/venv/lib/python3.8/site-packages/django/db/models/sql/query.py\", line 1383, in build_filter\n    lookups, parts, reffed_expression = self.solve_lookup_type(arg, summarize)\n  File \"/Users/alena/PycharmProjects/NewsPortal/venv/lib/python3.8/site-packages/django/db/models/sql/query.py\", line 1193, in solve_lookup_type\n    _, field, _, lookup_parts = self.names_to_path(lookup_splitted, self.get_meta())\n  File \"/Users/alena/PycharmProjects/NewsPortal/venv/lib/python3.8/site-packages/django/db/models/sql/query.py\", line 1681, in names_to_path\n    raise FieldError(\n"}}, {"model": "django_apscheduler.djangojobexecution", "pk": 3, "fields": {"job": "my_job", "status": "Error!", "run_time": "2023-08-24T13:42:40", "duration": "0.02", "finished": "1692884560.02", "exception": "Cannot resolve keyword 'data_create' into field. Choices are: article_text, comment, headline, id, post_author, post_author_id, post_category, post_time, post_type, postcategory, rating", "traceback": "  File \"/Users/alena/PycharmProjects/NewsPortal/venv/lib/python3.8/site-packages/apscheduler/executors/base.py\", line 125, in run_job\n    retval = job.func(*job.args, **job.kwargs)\n  File \"/Users/alena/PycharmProjects/NewsPortal/NewsPaper/news/management/commands/runapscheduler.py\", line 24, in my_job\n    this_week_posts = Post.objects.filter(data_create__gt=last_week)\n  File \"/Users/alena/PycharmProjects/NewsPortal/venv/lib/python3.8/site-packages/django/db/models/manager.py\", line 87, in manager_method\n    return getattr(self.get_queryset(), name)(*args, **kwargs)\n  File \"/Users/alena/PycharmProjects/NewsPortal/venv/lib/python3.8/site-packages/django/db/models/query.py\", line 1436, in filter\n    return self._filter_or_exclude(False, args, kwargs)\n  File \"/Users/alena/PycharmProjects/NewsPortal/venv/lib/python3.8/site-packages/django/db/models/query.py\", line 1454, in _filter_or_exclude\n    clone._filter_or_exclude_inplace(negate, args, kwargs)\n  File \"/Users/alena/PycharmProjects/NewsPortal/venv/lib/python3.8/site-packages/django/db/models/query.py\", line 1461, in _filter_or_exclude_inplace\n    self._query.add_q(Q(*args, **kwargs))\n  File \"/Users/alena/PycharmProjects/NewsPortal/venv/lib/python3.8/site-packages/django/db/models/sql/query.py\", line 1502, in add_q\n    clause, _ = self._add_q(q_object, self.used_aliases)\n  File \"/Users/alena/PycharmProjects/NewsPortal/venv/lib/python3.8/site-packages/django/db/models/sql/query.py\", line 1533, in _add_q\n    child_clause, needed_inner = self.build_filter(\n  File \"/Users/alena/PycharmProjects/NewsPortal/venv/lib/python3.8/site-packages/django/db/models/sql/query.py\", line 1383, in build_filter\n    lookups, parts, reffed_expression = self.solve_lookup_type(arg, summarize)\n  File \"/Users/alena/PycharmProjects/NewsPortal/venv/lib/python3.8/site-packages/django/db/models/sql/query.py\", line 1193, in solve_lookup_type\n    _, field, _, lookup_parts = self.names_to_path(lookup_splitted, self.get_meta())\n  File \"/Users/alena/PycharmProjects/NewsPortal/venv/lib/python3.8/site-packages/django/db/models/sql/query.py\", line 1681, in names_to_path\n    raise FieldError(\n"}}, {"model": "django_apscheduler.djangojobexecution", "pk": 4, "fields": {"job": "my_job", "status": "Error!", "run_time": "2023-08-24T13:42:50", "duration": "0.02", "finished": "1692884570.02", "exception": "Cannot resolve keyword 'data_create' into field. Choices are: article_text, comment, headline, id, post_author, post_author_id, post_category, post_time, post_type, postcategory, rating", "traceback": "  File \"/Users/alena/PycharmProjects/NewsPortal/venv/lib/python3.8/site-packages/apscheduler/executors/base.py\", line 125, in run_job\n    retval = job.func(*job.args, **job.kwargs)\n  File \"/Users/alena/PycharmProjects/NewsPortal/NewsPaper/news/management/commands/runapscheduler.py\", line 24, in my_job\n    this_week_posts = Post.objects.filter(data_create__gt=last_week)\n  File \"/Users/alena/PycharmProjects/NewsPortal/venv/lib/python3.8/site-packages/django/db/models/manager.py\", line 87, in manager_method\n    return getattr(self.get_queryset(), name)(*args, **kwargs)\n  File \"/Users/alena/PycharmProjects/NewsPortal/venv/lib/python3.8/site-packages/django/db/models/query.py\", line 1436, in filter\n    return self._filter_or_exclude(False, args, kwargs)\n  File \"/Users/alena/PycharmProjects/NewsPortal/venv/lib/python3.8/site-packages/django/db/models/query.py\", line 1454, in _filter_or_exclude\n    clone._filter_or_exclude_inplace(negate, args, kwargs)\n  File \"/Users/alena/PycharmProjects/NewsPortal/venv/lib/python3.8/site-packages/django/db/models/query.py\", line 1461, in _filter_or_exclude_inplace\n    self._query.add_q(Q(*args, **kwargs))\n  File \"/Users/alena/PycharmProjects/NewsPortal/venv/lib/python3.8/site-packages/django/db/models/sql/query.py\", line 1502, in add_q\n    clause, _ = self._add_q(q_object, self.used_aliases)\n  File \"/Users/alena/PycharmProjects/NewsPortal/venv/lib/python3.8/site-packages/django/db/models/sql/query.py\", line 1533, in _add_q\n    child_clause, needed_inner = self.build_filter(\n  File \"/Users/alena/PycharmProjects/NewsPortal/venv/lib/python3.8/site-packages/django/db/models/sql/query.py\", line 1383, in build_filter\n    lookups, parts, reffed_expression = self.solve_lookup_type(arg, summarize)\n  File \"/Users/alena/PycharmProjects/NewsPortal/venv/lib/python3.8/site-packages/django/db/models/sql/query.py\", line 1193, in solve_lookup_type\n    _, field, _, lookup_parts = self.names_to_path(lookup_splitted, self.get_meta())\n  File \"/Users/alena/PycharmProjects/NewsPortal/venv/lib/python3.8/site-packages/django/db/models/sql/query.py\", line 1681, in names_to_path\n    raise FieldError(\n"}}, {"model": "django_apscheduler.djangojobexecution", "pk": 5, "fields": {"job": "my_job", "status": "Error!", "run_time": "2023-08-24T13:43:00", "duration": "0.01", "finished": "1692884580.01", "exception": "Cannot resolve keyword 'data_create' into field. Choices are: article_text, comment, headline, id, post_author, post_author_id, post_category, post_time, post_type, postcategory, rating", "traceback": "  File \"/Users/alena/PycharmProjects/NewsPortal/venv/lib/python3.8/site-packages/apscheduler/executors/base.py\", line 125, in run_job\n    retval = job.func(*job.args, **job.kwargs)\n  File \"/Users/alena/PycharmProjects/NewsPortal/NewsPaper/news/management/commands/runapscheduler.py\", line 24, in my_job\n    this_week_posts = Post.objects.filter(data_create__gt=last_week)\n  File \"/Users/alena/PycharmProjects/NewsPortal/venv/lib/python3.8/site-packages/django/db/models/manager.py\", line 87, in manager_method\n    return getattr(self.get_queryset(), name)(*args, **kwargs)\n  File \"/Users/alena/PycharmProjects/NewsPortal/venv/lib/python3.8/site-packages/django/db/models/query.py\", line 1436, in filter\n    return self._filter_or_exclude(False, args, kwargs)\n  File \"/Users/alena/PycharmProjects/NewsPortal/venv/lib/python3.8/site-packages/django/db/models/query.py\", line 1454, in _filter_or_exclude\n    clone._filter_or_exclude_inplace(negate, args, kwargs)\n  File \"/Users/alena/PycharmProjects/NewsPortal/venv/lib/python3.8/site-packages/django/db/models/query.py\", line 1461, in _filter_or_exclude_inplace\n    self._query.add_q(Q(*args, **kwargs))\n  File \"/Users/alena/PycharmProjects/NewsPortal/venv/lib/python3.8/site-packages/django/db/models/sql/query.py\", line 1502, in add_q\n    clause, _ = self._add_q(q_object, self.used_aliases)\n  File \"/Users/alena/PycharmProjects/NewsPortal/venv/lib/python3.8/site-packages/django/db/models/sql/query.py\", line 1533, in _add_q\n    child_clause, needed_inner = self.build_filter(\n  File \"/Users/alena/PycharmProjects/NewsPortal/venv/lib/python3.8/site-packages/django/db/models/sql/query.py\", line 1383, in build_filter\n    lookups, parts, reffed_expression = self.solve_lookup_type(arg, summarize)\n  File \"/Users/alena/PycharmProjects/NewsPortal/venv/lib/python3.8/site-packages/django/db/models/sql/query.py\", line 1193, in solve_lookup_type\n    _, field, _, lookup_parts = self.names_to_path(lookup_splitted, self.get_meta())\n  File \"/Users/alena/PycharmProjects/NewsPortal/venv/lib/python3.8/site-packages/django/db/models/sql/query.py\", line 1681, in names_to_path\n    raise FieldError(\n"}}, {"model": "django_apscheduler.djangojobexecution", "pk": 6, "fields": {"job": "my_job", "status": "Error!", "run_time": "2023-08-24T13:43:10", "duration": "0.05", "finished": "1692884590.05", "exception": "Cannot resolve keyword 'data_create' into field. Choices are: article_text, comment, headline, id, post_author, post_author_id, post_category, post_time, post_type, postcategory, rating", "traceback": "  File \"/Users/alena/PycharmProjects/NewsPortal/venv/lib/python3.8/site-packages/apscheduler/executors/base.py\", line 125, in run_job\n    retval = job.func(*job.args, **job.kwargs)\n  File \"/Users/alena/PycharmProjects/NewsPortal/NewsPaper/news/management/commands/runapscheduler.py\", line 24, in my_job\n    this_week_posts = Post.objects.filter(data_create__gt=last_week)\n  File \"/Users/alena/PycharmProjects/NewsPortal/venv/lib/python3.8/site-packages/django/db/models/manager.py\", line 87, in manager_method\n    return getattr(self.get_queryset(), name)(*args, **kwargs)\n  File \"/Users/alena/PycharmProjects/NewsPortal/venv/lib/python3.8/site-packages/django/db/models/query.py\", line 1436, in filter\n    return self._filter_or_exclude(False, args, kwargs)\n  File \"/Users/alena/PycharmProjects/NewsPortal/venv/lib/python3.8/site-packages/django/db/models/query.py\", line 1454, in _filter_or_exclude\n    clone._filter_or_exclude_inplace(negate, args, kwargs)\n  File \"/Users/alena/PycharmProjects/NewsPortal/venv/lib/python3.8/site-packages/django/db/models/query.py\", line 1461, in _filter_or_exclude_inplace\n    self._query.add_q(Q(*args, **kwargs))\n  File \"/Users/alena/PycharmProjects/NewsPortal/venv/lib/python3.8/site-packages/django/db/models/sql/query.py\", line 1502, in add_q\n    clause, _ = self._add_q(q_object, self.used_aliases)\n  File \"/Users/alena/PycharmProjects/NewsPortal/venv/lib/python3.8/site-packages/django/db/models/sql/query.py\", line 1533, in _add_q\n    child_clause, needed_inner = self.build_filter(\n  File \"/Users/alena/PycharmProjects/NewsPortal/venv/lib/python3.8/site-packages/django/db/models/sql/query.py\", line 1383, in build_filter\n    lookups, parts, reffed_expression = self.solve_lookup_type(arg, summarize)\n  File \"/Users/alena/PycharmProjects/NewsPortal/venv/lib/python3.8/site-packages/django/db/models/sql/query.py\", line 1193, in solve_lookup_type\n    _, field, _, lookup_parts = self.names_to_path(lookup_splitted, self.get_meta())\n  File \"/Users/alena/PycharmProjects/NewsPortal/venv/lib/python3.8/site-packages/django/db/models/sql/query.py\", line 1681, in names_to_path\n    raise FieldError(\n"}}, {"model": "django_apscheduler.djangojobexecution", "pk": 7, "fields": {"job": "my_job", "status": "Error!", "run_time": "2023-08-24T13:43:20", "duration": "0.01", "finished": "1692884600.01", "exception": "Cannot resolve keyword 'data_create' into field. Choices are: article_text, comment, headline, id, post_author, post_author_id, post_category, post_time, post_type, postcategory, rating", "traceback": "  File \"/Users/alena/PycharmProjects/NewsPortal/venv/lib/python3.8/site-packages/apscheduler/executors/base.py\", line 125, in run_job\n    retval = job.func(*job.args, **job.kwargs)\n  File \"/Users/alena/PycharmProjects/NewsPortal/NewsPaper/news/management/commands/runapscheduler.py\", line 24, in my_job\n    this_week_posts = Post.objects.filter(post_time__gt=last_week)\n  File \"/Users/alena/PycharmProjects/NewsPortal/venv/lib/python3.8/site-packages/django/db/models/manager.py\", line 87, in manager_method\n    return getattr(self.get_queryset(), name)(*args, **kwargs)\n  File \"/Users/alena/PycharmProjects/NewsPortal/venv/lib/python3.8/site-packages/django/db/models/query.py\", line 1436, in filter\n    return self._filter_or_exclude(False, args, kwargs)\n  File \"/Users/alena/PycharmProjects/NewsPortal/venv/lib/python3.8/site-packages/django/db/models/query.py\", line 1454, in _filter_or_exclude\n    clone._filter_or_exclude_inplace(negate, args, kwargs)\n  File \"/Users/alena/PycharmProjects/NewsPortal/venv/lib/python3.8/site-packages/django/db/models/query.py\", line 1461, in _filter_or_exclude_inplace\n    self._query.add_q(Q(*args, **kwargs))\n  File \"/Users/alena/PycharmProjects/NewsPortal/venv/lib/python3.8/site-packages/django/db/models/sql/query.py\", line 1502, in add_q\n    clause, _ = self._add_q(q_object, self.used_aliases)\n  File \"/Users/alena/PycharmProjects/NewsPortal/venv/lib/python3.8/site-packages/django/db/models/sql/query.py\", line 1533, in _add_q\n    child_clause, needed_inner = self.build_filter(\n  File \"/Users/alena/PycharmProjects/NewsPortal/venv/lib/python3.8/site-packages/django/db/models/sql/query.py\", line 1383, in build_filter\n    lookups, parts, reffed_expression = self.solve_lookup_type(arg, summarize)\n  File \"/Users/alena/PycharmProjects/NewsPortal/venv/lib/python3.8/site-packages/django/db/models/sql/query.py\", line 1193, in solve_lookup_type\n    _, field, _, lookup_parts = self.names_to_path(lookup_splitted, self.get_meta())\n  File \"/Users/alena/PycharmProjects/NewsPortal/venv/lib/python3.8/site-packages/django/db/models/sql/query.py\", line 1681, in names_to_path\n    raise FieldError(\n"}}, {"model": "django_apscheduler.djangojobexecution", "pk": 8, "fields": {"job": "my_job", "status": "Executed", "run_time": "2023-08-24T13:44:30", "duration": "2.78", "finished": "1692884672.78", "exception": null, "traceback": null}}, {"model": "django_apscheduler.djangojobexecution", "pk": 9, "fields": {"job": "my_job", "status": "Executed", "run_time": "2023-08-24T13:44:40", "duration": "2.36", "finished": "1692884682.36", "exception": null, "traceback": null}}, {"model": "django_apscheduler.djangojobexecution", "pk": 10, "fields": {"job": "my_job", "status": "Executed", "run_time": "2023-08-24T13:44:50", "duration": "2.49", "finished": "1692884692.49", "exception": null, "traceback": null}}, {"model": "django_apscheduler.djangojobexecution", "pk": 11, "fields": {"job": "my_job", "status": "Executed", "run_time": "2023-08-24T13:45:00", "duration": "2.39", "finished": "1692884702.39", "exception": null, "traceback": null}}, {"model": "django_apscheduler.djangojobexecution", "pk": 12, "fields": {"job": "my_job", "status": "Executed", "run_time": "2023-08-24T13:45:10", "duration": "2.42", "finished": "1692884712.42", "exception": null, "traceback": null}}, {"model": "django_apscheduler.djangojobexecution", "pk": 13, "fields": {"job": "my_job", "status": "Executed", "run_time": "2023-08-24T13:45:40", "duration": "2.43", "finished": "1692884742.43", "exception": null, "traceback": null}}, {"model": "django_apscheduler.djangojobexecution", "pk": 14, "fields": {"job": "my_job", "status": "Executed", "run_time": "2023-08-24T13:45:50", "duration": "2.53", "finished": "1692884752.53", "exception": null, "traceback": null}}, {"model": "django_apscheduler.djangojobexecution", "pk": 15, "fields": {"job": "my_job", "status": "Executed", "run_time": "2023-08-24T13:46:00", "duration": "2.61", "finished": "1692884762.61", "exception": null, "traceback": null}}, {"model": "django_apscheduler.djangojobexecution", "pk": 16, "fields": {"job": "my_job", "status": "Executed", "run_time": "2023-08-24T13:50:00", "duration": "2.86", "finished": "1692885002.86", "exception": null, "traceback": null}}]